{
  "mode": "paper",
  "bots": [
    {
      "bot_name": "Bot-20x",
      "leverage": 20,
      "allocation": 199.56533173230588,
      "initial_allocation": 200.0,
      "pnl_total": -0.43466826769413436,
      "pnl_pct": -0.21733413384706718,
      "total_trades": 1,
      "wins": 0,
      "losses": 1,
      "win_rate": 0.0,
      "open_positions": 0,
      "daily_trades": 1,
      "daily_pnl": -0.43466826769413436,
      "paused": false,
      "avg_win": 0,
      "avg_loss": -0.43466826769413436,
      "profit_factor": 0.0,
      "max_drawdown": 0.43466826769413436,
      "trades_by_symbol": {
        "BTCUSDT": {
          "total": 1,
          "wins": 0,
          "pnl": -0.43466826769413436,
          "win_rate": 0.0
        }
      },
      "trades_by_reason": {
        "stop_loss": {
          "total": 1,
          "wins": 0
        }
      }
    },
    {
      "bot_name": "Bot-30x",
      "leverage": 30,
      "allocation": 199.5640403762035,
      "initial_allocation": 200.0,
      "pnl_total": -0.4359596237965102,
      "pnl_pct": -0.2179798118982551,
      "total_trades": 1,
      "wins": 0,
      "losses": 1,
      "win_rate": 0.0,
      "open_positions": 0,
      "daily_trades": 1,
      "daily_pnl": -0.4359596237965102,
      "paused": false,
      "avg_win": 0,
      "avg_loss": -0.4359596237965102,
      "profit_factor": 0.0,
      "max_drawdown": 0.4359596237965102,
      "trades_by_symbol": {
        "BTCUSDT": {
          "total": 1,
          "wins": 0,
          "pnl": -0.4359596237965102,
          "win_rate": 0.0
        }
      },
      "trades_by_reason": {
        "stop_loss": {
          "total": 1,
          "wins": 0
        }
      }
    },
    {
      "bot_name": "Bot-40x",
      "leverage": 40,
      "allocation": 199.5059293515915,
      "initial_allocation": 200.0,
      "pnl_total": -0.4940706484084935,
      "pnl_pct": -0.24703532420424673,
      "total_trades": 1,
      "wins": 0,
      "losses": 1,
      "win_rate": 0.0,
      "open_positions": 0,
      "daily_trades": 1,
      "daily_pnl": -0.4940706484084935,
      "paused": false,
      "avg_win": 0,
      "avg_loss": -0.4940706484084935,
      "profit_factor": 0.0,
      "max_drawdown": 0.4940706484084935,
      "trades_by_symbol": {
        "BTCUSDT": {
          "total": 1,
          "wins": 0,
          "pnl": -0.4940706484084935,
          "win_rate": 0.0
        }
      },
      "trades_by_reason": {
        "stop_loss": {
          "total": 1,
          "wins": 0
        }
      }
    },
    {
      "bot_name": "Bot-50x",
      "leverage": 50,
      "allocation": 199.5059293515915,
      "initial_allocation": 200.0,
      "pnl_total": -0.4940706484084935,
      "pnl_pct": -0.24703532420424673,
      "total_trades": 1,
      "wins": 0,
      "losses": 1,
      "win_rate": 0.0,
      "open_positions": 0,
      "daily_trades": 1,
      "daily_pnl": -0.4940706484084935,
      "paused": false,
      "avg_win": 0,
      "avg_loss": -0.4940706484084935,
      "profit_factor": 0.0,
      "max_drawdown": 0.4940706484084935,
      "trades_by_symbol": {
        "BTCUSDT": {
          "total": 1,
          "wins": 0,
          "pnl": -0.4940706484084935,
          "win_rate": 0.0
        }
      },
      "trades_by_reason": {
        "stop_loss": {
          "total": 1,
          "wins": 0
        }
      }
    }
  ],
  "total_cycles": 30,
  "uptime_hours": 0.28713902976777816,
  "auto_tuner": {
    "level": 0,
    "level_name": "Normal",
    "settings": {
      "name": "Normal",
      "min_confluence": 4,
      "rsi_long": [
        25,
        50
      ],
      "rsi_short": [
        50,
        75
      ],
      "bb_long_threshold": 0.3,
      "bb_short_threshold": 0.7,
      "volume_mult": 1.2,
      "stoch_oversold": 0.35,
      "stoch_overbought": 0.65
    },
    "adjustments": 0
  },
  "saved_at": 1775690685.6364312
}