{
  "mode": "paper",
  "bots": [
    {
      "bot_name": "Bot-20x",
      "leverage": 20,
      "allocation": 110.26984400490966,
      "initial_allocation": 200.0,
      "pnl_total": -3.0114059950903433,
      "pnl_pct": -1.5057029975451717,
      "total_trades": 1,
      "wins": 0,
      "losses": 1,
      "win_rate": 0.0,
      "open_positions": 3,
      "daily_trades": 4,
      "daily_pnl": -3.0114059950903433,
      "paused": false,
      "avg_win": 0,
      "avg_loss": -3.0114059950903433,
      "profit_factor": 0.0,
      "max_drawdown": 3.0114059950903433,
      "trades_by_symbol": {
        "BTCUSDT": {
          "total": 1,
          "wins": 0,
          "pnl": -3.0114059950903433,
          "win_rate": 0.0
        }
      },
      "trades_by_reason": {
        "stop_loss": {
          "total": 1,
          "wins": 0
        }
      }
    },
    {
      "bot_name": "Bot-30x",
      "leverage": 30,
      "allocation": 122.65421671174876,
      "initial_allocation": 200.0,
      "pnl_total": -4.5171089926355155,
      "pnl_pct": -2.2585544963177577,
      "total_trades": 1,
      "wins": 0,
      "losses": 1,
      "win_rate": 0.0,
      "open_positions": 3,
      "daily_trades": 4,
      "daily_pnl": -4.5171089926355155,
      "paused": false,
      "avg_win": 0,
      "avg_loss": -4.5171089926355155,
      "profit_factor": 0.0,
      "max_drawdown": 4.5171089926355155,
      "trades_by_symbol": {
        "BTCUSDT": {
          "total": 1,
          "wins": 0,
          "pnl": -4.5171089926355155,
          "win_rate": 0.0
        }
      },
      "trades_by_reason": {
        "stop_loss": {
          "total": 1,
          "wins": 0
        }
      }
    },
    {
      "bot_name": "Bot-40x",
      "leverage": 40,
      "allocation": 134.59305570955758,
      "initial_allocation": 200.0,
      "pnl_total": -5.190903739009703,
      "pnl_pct": -2.5954518695048514,
      "total_trades": 1,
      "wins": 0,
      "losses": 1,
      "win_rate": 0.0,
      "open_positions": 3,
      "daily_trades": 4,
      "daily_pnl": -5.190903739009703,
      "paused": false,
      "avg_win": 0,
      "avg_loss": -5.190903739009703,
      "profit_factor": 0.0,
      "max_drawdown": 5.190903739009703,
      "trades_by_symbol": {
        "BTCUSDT": {
          "total": 1,
          "wins": 0,
          "pnl": -5.190903739009703,
          "win_rate": 0.0
        }
      },
      "trades_by_reason": {
        "stop_loss": {
          "total": 1,
          "wins": 0
        }
      }
    },
    {
      "bot_name": "Bot-50x",
      "leverage": 50,
      "allocation": 142.38405374559989,
      "initial_allocation": 200.0,
      "pnl_total": -5.190903739009703,
      "pnl_pct": -2.5954518695048514,
      "total_trades": 1,
      "wins": 0,
      "losses": 1,
      "win_rate": 0.0,
      "open_positions": 3,
      "daily_trades": 4,
      "daily_pnl": -5.190903739009703,
      "paused": false,
      "avg_win": 0,
      "avg_loss": -5.190903739009703,
      "profit_factor": 0.0,
      "max_drawdown": 5.190903739009703,
      "trades_by_symbol": {
        "BTCUSDT": {
          "total": 1,
          "wins": 0,
          "pnl": -5.190903739009703,
          "win_rate": 0.0
        }
      },
      "trades_by_reason": {
        "stop_loss": {
          "total": 1,
          "wins": 0
        }
      }
    }
  ],
  "total_cycles": 53,
  "uptime_hours": 0.5951576464043723,
  "auto_tuner": {
    "level": 0,
    "level_name": "Normal",
    "settings": {
      "name": "Normal",
      "min_confluence": 4,
      "rsi_long": [
        25,
        50
      ],
      "rsi_short": [
        50,
        75
      ],
      "bb_long_threshold": 0.3,
      "bb_short_threshold": 0.7,
      "volume_mult": 1.2,
      "stoch_oversold": 0.35,
      "stoch_overbought": 0.65
    },
    "adjustments": 0
  },
  "saved_at": 1775644712.165101
}