{
  "mode": "paper",
  "bots": [
    {
      "bot_name": "Bot-20x",
      "leverage": 20,
      "allocation": 131.6937947818057,
      "initial_allocation": 200.0,
      "pnl_total": -0.8388373063680901,
      "pnl_pct": -0.41941865318404503,
      "total_trades": 1,
      "wins": 0,
      "losses": 1,
      "win_rate": 0.0,
      "open_positions": 3,
      "daily_trades": 4,
      "daily_pnl": -0.8388373063680901,
      "paused": false,
      "avg_win": 0,
      "avg_loss": -0.8388373063680901,
      "profit_factor": 0.0,
      "max_drawdown": 0.8388373063680901,
      "trades_by_symbol": {
        "BTCUSDT": {
          "total": 1,
          "wins": 0,
          "pnl": -0.8388373063680901,
          "win_rate": 0.0
        }
      },
      "trades_by_reason": {
        "stop_loss": {
          "total": 1,
          "wins": 0
        }
      }
    },
    {
      "bot_name": "Bot-30x",
      "leverage": 30,
      "allocation": 162.63520086043826,
      "initial_allocation": 200.0,
      "pnl_total": -1.1774783044582033,
      "pnl_pct": -0.5887391522291017,
      "total_trades": 2,
      "wins": 0,
      "losses": 2,
      "win_rate": 0.0,
      "open_positions": 2,
      "daily_trades": 4,
      "daily_pnl": -1.1774783044582033,
      "paused": false,
      "avg_win": 0,
      "avg_loss": -0.5887391522291017,
      "profit_factor": 0.0,
      "max_drawdown": 1.1774783044582033,
      "trades_by_symbol": {
        "BTCUSDT": {
          "total": 1,
          "wins": 0,
          "pnl": -0.7808200135211194,
          "win_rate": 0.0
        },
        "ETHUSDT": {
          "total": 1,
          "wins": 0,
          "pnl": -0.396658290937084,
          "win_rate": 0.0
        }
      },
      "trades_by_reason": {
        "stop_loss": {
          "total": 2,
          "wins": 0
        }
      }
    },
    {
      "bot_name": "Bot-40x",
      "leverage": 40,
      "allocation": 160.4720441081661,
      "initial_allocation": 200.0,
      "pnl_total": -0.9606847483950482,
      "pnl_pct": -0.4803423741975241,
      "total_trades": 1,
      "wins": 0,
      "losses": 1,
      "win_rate": 0.0,
      "open_positions": 3,
      "daily_trades": 4,
      "daily_pnl": -0.9606847483950482,
      "paused": false,
      "avg_win": 0,
      "avg_loss": -0.9606847483950482,
      "profit_factor": 0.0,
      "max_drawdown": 0.9606847483950482,
      "trades_by_symbol": {
        "BTCUSDT": {
          "total": 1,
          "wins": 0,
          "pnl": -0.9606847483950482,
          "win_rate": 0.0
        }
      },
      "trades_by_reason": {
        "stop_loss": {
          "total": 1,
          "wins": 0
        }
      }
    },
    {
      "bot_name": "Bot-50x",
      "leverage": 50,
      "allocation": 167.53737628621633,
      "initial_allocation": 200.0,
      "pnl_total": -0.7687063221367453,
      "pnl_pct": -0.38435316106837264,
      "total_trades": 1,
      "wins": 0,
      "losses": 1,
      "win_rate": 0.0,
      "open_positions": 3,
      "daily_trades": 4,
      "daily_pnl": -0.7687063221367453,
      "paused": false,
      "avg_win": 0,
      "avg_loss": -0.7687063221367453,
      "profit_factor": 0.0,
      "max_drawdown": 0.7687063221367453,
      "trades_by_symbol": {
        "BTCUSDT": {
          "total": 1,
          "wins": 0,
          "pnl": -0.7687063221367453,
          "win_rate": 0.0
        }
      },
      "trades_by_reason": {
        "stop_loss": {
          "total": 1,
          "wins": 0
        }
      }
    }
  ],
  "total_cycles": 40,
  "uptime_hours": 0.46229008277257283,
  "auto_tuner": {
    "level": 0,
    "level_name": "Normal",
    "settings": {
      "name": "Normal",
      "min_confluence": 4,
      "rsi_long": [
        25,
        50
      ],
      "rsi_short": [
        50,
        75
      ],
      "bb_long_threshold": 0.3,
      "bb_short_threshold": 0.7,
      "volume_mult": 1.2,
      "stoch_oversold": 0.35,
      "stoch_overbought": 0.65
    },
    "adjustments": 0
  },
  "saved_at": 1775688316.9514759
}